Ukey,SavingsBalance,CheckingBalance,OpenDate,BalanceDate,BegSavingsBal,BegCheckingBal
33279745,5,-12.78,20140912,20201231,5,2147.87
28835501,184352.06,12884.88,19861001,20201231,182547.28,13034.21
31831601,5.02,360.85,20170711,20201231,5.24,-47.07
33438159,18622.84,360.72,20130128,20201231,13278.99,376.38
27845695,12576.02,1212.94,19950627,20201231,9076.08,1055.19
31893549,3000,499.23,20150707,20201231,2105,532.79
32774109,918.8,236.91,20100420,20201231,3161.72,1031.74
25932985,3000.13,264.27,20080619,20201231,305.08,477.42
33240859,73.24,337.12,20141010,20201231,2436.27,1985.79
32393565,16.96,1450.79,20180419,20201231,5,-187.28
32789669,5.33,818.62,20100528,20201231,5.32,803.31
25192107,36845,1041.29,20070702,20201231,5777,538.02
31740829,5.27,63.58,20160617,20201231,130.13,1182.12
26946349,1135.1,431.7,20020603,20201231,234.54,1062.66
25911503,25.15,-210.87,20081106,20201231,100,497.71
25728793,2042.08,27793.38,20090302,20201231,3989.82,16556.78
26466233,10394.03,702.4,19980217,20201231,6376.82,547.36
27712367,2542.1,3036.7,19870415,20201231,3255.68,2446.44
27007221,1188.55,19667,20010130,20201231,1187.8,16585.45
26266205,5.04,839.04,19981228,20201231,5.04,843.81
26165071,14005.3,1090.12,20070313,20201231,2005,5719.29
31808783,980.9,364.99,20160827,20201231,10,989.16
32610903,5,472.67,20120112,20201231,5,1038.17
26011143,5,1749.23,20070314,20201231,5,594.15
28052037,1134.91,19549.51,19920622,20201231,34.8,5327.96
26114227,656.44,109.14,20060818,20201231,306.35,1953.78
27119487,1476.25,1451.6,20001205,20201231,5.76,663.62
32266173,5,8.51,20190716,20201231,5,12.22
28801245,82174.8,2684.53,19861001,20201231,67716.59,4819.54
32535241,5,380.17,20111228,20201231,5,379.58
31651001,5997.41,552.76,20170526,20201231,814.72,24.47
25458645,3174.66,8.29,20140329,20201231,1741.81,139.26
27361139,5564.67,8939.78,19890401,20201231,1125.68,14321.1
32940469,49700.47,1787.89,20091103,20201231,33871.72,1223.73
25209495,42.16,3444.18,20050819,20201231,42.12,3197.82
31704243,15002.92,2604.17,20171124,20201231,1105,2243.18
25645607,74537.99,9738.32,20040324,20201231,79397.6,19661.53
26435775,1000.29,280.56,19980821,20201231,1000,604.94
33227023,5,1375.02,20141003,20201231,5,2459.15
32774719,6791.6,1352.57,20100706,20201231,4913.07,1953.71
33353479,12.87,799.66,20130903,20201231,6.77,35.32
31662385,5,10795.88,20170418,20201231,5,10963.4
26202901,899.88,635.96,20150606,20201231,2001.61,74.13
31695577,2266.12,12.6,20171005,20201231,1454.17,660.89
32596641,1345.3,786.52,20120406,20201231,1331.47,1179.55
32984857,5.07,1751.52,20110920,20201231,5.07,1911.53
32050815,5.09,900.13,20200203,20201231,5,1841.1
31782687,15776.97,1827.39,20160329,20201231,9639.12,569
32504789,10027.62,311.2,20180614,20201231,5,4617.86
27345763,35030.43,717.66,19890401,20201231,10273.21,5887.95
27185243,1135.2,3481.01,19990827,20201231,1419.26,4597.57
29216575,18637.37,8651.7,19830823,20201231,37965.08,7921.08
32160505,618.2,1367.73,20190214,20201231,16.45,919.2
33025661,15150,2676.1,20100414,20201231,9029.13,1405.92
28811213,5,2200.78,19861001,20201231,5.01,1061.97
25873923,1911.12,37.88,20110527,20201231,1320.01,1619.46
27227997,21546.61,3630.76,20000323,20201231,16480.9,1417.48
27182589,6755.37,990.28,19990305,20201231,1637.12,1051.41
32940457,32530.86,17262.04,20090817,20201231,46864.11,17261.14
32555057,109.98,233.66,20111118,20201231,104.87,333.42
31814261,1809,282.02,20161018,20201231,217.29,186.88
33366233,5,197.5,20140512,20201231,20016.69,1156.14
28175261,2317.25,278.88,19910312,20201231,737.41,3495.74
31875353,5.18,43.82,20160204,20201231,5.52,68.21
30719607,6.49,422.17,20201203,20201231,5,355.4
31889805,165.05,88.01,20150808,20201231,5,1503.86
31939087,10,-75.56,20160219,20201231,5,-312.87
31687687,6678.68,1859.87,20170206,20201231,11067.27,1338.28
33291399,206193.4,3175.1,20140915,20201231,7331.28,33261.51
25234251,749.29,44.62,20060503,20201231,817.66,20.19
27839259,105,6024.43,19950327,20201231,330,2092.96
26522813,42.71,5318.46,19960712,20201231,42.67,4567.29
26488317,620.57,3638.03,19960517,20201231,8863.82,1583.18
33347829,5.01,1019.78,20130517,20201231,5.01,596.17
33241879,5,522,20141121,20201231,5,4480.86
33235083,13127.97,1413.51,20141017,20201231,4249.89,6022.55
25218799,1913.66,87.8,20141219,20201231,4060.64,227.4
32901265,15.77,322.37,20090921,20201231,15.69,173.05
31534561,869.15,4.78,20180129,20201231,422.19,186.4
33507951,8460.01,55941.99,20130823,20201231,1913.18,22053.97
26076459,2005.18,260.4,20080701,20201231,45.69,186.54
33018573,8829.28,1934.76,20100312,20201231,7720.67,2139.27
25393545,5,186.35,20050926,20201231,5,2993.72
28562199,22889.64,5655.69,19780804,20201231,13354.16,7455.4
32467565,6147.94,2111.88,20180717,20201231,1136.15,1965.67
32526767,5067.26,4053.72,20111102,20201231,1605.74,2177.61
26777593,8686.09,1039.64,20020805,20201231,14105,2748.09
31765143,5,890.16,20161209,20201231,6.05,108.81
27354009,4632.63,2359.86,19890401,20201231,4118.69,4129.03
31948933,2505.63,2803.5,20151102,20201231,2506.87,4791.65
33470107,5,284.16,20121126,20201231,16.94,4067.64
31614495,740.13,69.97,20170727,20201231,5.01,126.07
28596329,5,666.71,19771011,20201231,5,2628.32
25337419,5,915.64,20041228,20201231,5,3173.63
26145079,570.16,1745.57,20151001,20201231,155,242.49
32423537,48,22.98,20181005,20201231,28.71,1.18
32028677,5.08,32316.85,20190910,20201231,5.08,18497.61
26896129,5.78,702.12,20170508,20201231,5.78,1966.88
30929637,5.03,5.77,20201009,20201231,10,1173.73
31579803,4300,575.04,20180411,20201231,1900,1698.87
33514167,5,1482.34,20130605,20201231,5,349.6
31983117,773,298.99,20191025,20201231,6.5,1081.74
26046187,7065.71,1287.81,20071015,20201231,3778.94,866.85
26539967,5708.48,3138.02,19951121,20201231,2529.07,8155.86
31799021,5.11,-44.17,20170725,20201231,5.11,1237.93
28686645,20543.79,692.09,19771024,20201231,11790.05,276.77
32437181,5.02,-341.63,20180228,20201231,5,0.03
25193667,5,3378.44,20060223,20201231,5,2554.32
27008111,5,1153.75,20001202,20201231,1381.24,3225.45
32142909,420.38,757.02,20190918,20201231,2506.92,1205.61
27963213,5.25,520.33,19930219,20201231,1055.58,2651.09
32680547,5607.21,887.65,20101215,20201231,441.55,543.98
28382521,5,4465.06,19790911,20201231,5,10316.88
33431891,18.99,2634.82,20130112,20201231,3167.67,1795.12
33437787,26.18,2200.71,20140325,20201231,5,1370.23
31631687,20.23,2576.63,20161202,20201231,1505,1119.46
25716443,105.2,1283.18,20090623,20201231,230.04,2331.94
30899039,5,113.13,20201117,20201231,25,425.65
31516585,10170.42,3661.76,20171228,20201231,1010,1822.8
25700313,5.07,152.98,20090518,20201231,5,495.97
31669581,5,506.01,20170715,20201231,5,2395.74
26763915,7925.31,903.52,20020802,20201231,9070.62,2019.15
33439967,2590.65,400.33,20190122,20201231,1187.79,0.77
27931093,5,433.99,19930729,20201231,5,-224.19
33167165,5,125.55,20140308,20201231,5,584.66
32783783,5,26763.37,20100723,20201231,5,104007.2
32347489,5133.62,4403.39,20181106,20201231,288.55,111.51
25480153,5,472.36,20031126,20201231,5,1493.93
28906383,1647.57,939.31,19860722,20201231,2189.71,1981.38
25975483,3605.17,427.15,20070505,20201231,429.01,379.79
32421875,1403.7,769.18,20180327,20201231,1432.15,450.44
31718609,5.03,-103.46,20171101,20201231,158.43,1505.41
33447653,28777.08,5106.21,20130220,20201231,27349.07,2201.97
32730673,2216.95,97.53,20110830,20201231,12579.63,973.55
25969285,5.21,329.79,20121013,20201231,405,597.6
33524319,35.22,394.85,20121130,20201231,224.14,1505.57
31951107,4429.1,2723.92,20150825,20201231,1080.02,3762.77
25931253,1008.76,914.59,20090504,20201231,535.71,989.01
28191903,1858.24,22496.46,19900607,20201231,1857.08,22838.26
27088415,5.01,1588.19,20010504,20201231,10.13,1907.17
33017609,5987.97,2933.25,20100401,20201231,2000,1118.05
31728619,10648.42,12130.79,20160813,20201231,10641.74,663.94
25176335,4569.02,105.27,20050916,20201231,1071.57,853.75
28870241,5,4912.1,19841229,20201231,5,6781.92
28330671,2005.25,272.25,19790522,20201231,2505.22,1545.71
32176637,10.09,7.79,20190729,20201231,7,6.54
27205329,135.43,713.29,20001002,20201231,866.03,346.61
32549949,11266.14,10381.25,20110909,20201231,5861.31,6594.88
27079611,5.05,3287.32,20011004,20201231,473.96,839.64
26112441,83.17,1789.07,20060911,20201231,83.12,3334.88
32168197,36.31,919.18,20190304,20201231,45,123.17
25723425,5,714.5,20090217,20201231,5,198.04
25956347,748.86,4613.73,20070521,20201231,1069.79,1957.62
32010053,24.5,3.56,20200506,20201231,47.78,37.02
32012699,55.32,880.92,20200519,20201231,205,677.27
28700181,5.01,867.72,19771006,20201231,22.01,352.37
32815397,2013.53,595.56,20100907,20201231,897.49,1225.21
32679275,5704.6,4930.2,20101218,20201231,5,1809.14
28248909,20098.21,368.45,19891230,20201231,205,1751.06
25336783,2669.54,9.28,20040910,20201231,3488.53,3147.68
32162815,258.69,496.02,20200908,20201231,1434.62,171.22
25783957,10018.74,1267.25,20090923,20201231,10011.93,4398.28
33115863,7.86,9.9,20150924,20201231,1406.31,167.87
26386509,7.55,1283.52,19970318,20201231,5,964.81
27427205,5,1024.41,19880204,20201231,5,1120.09
31603365,6426.19,100,20170316,20201231,4801.39,314
28677529,30345.43,5743.33,19740901,20201231,25281.51,3636.13
28894989,10.85,1492.01,19851219,20201231,35.34,301.8
33062289,7819.03,1164.86,20150623,20201231,8213.8,895.67
33379283,5.01,88.33,20150721,20201231,5.04,-123.47
31878273,673.4,5027.84,20151015,20201231,672.99,2514.39
33341865,5.01,-83.83,20130528,20201231,5,32.73
32345849,2958.11,622.49,20181204,20201231,12105.03,2004.65
31613843,15.11,457.81,20170616,20201231,5.06,53.68
25651423,5,730.21,20040319,20201231,5,3753.88
27093179,866.91,21.52,20010530,20201231,1201.96,2055.23
31597697,3705,52.05,20170905,20201231,1105,25.82
28100225,5,632.93,19900606,20201231,5,1607.22
26156747,386.93,5.76,20070608,20201231,1930.18,375.2
32634861,692.04,1591.63,20121031,20201231,1806.23,1383.54
29050051,5.23,766.25,19840724,20201231,5.09,2552.95
32623717,83445.87,2113.9,20130503,20201231,48089.16,4504.83
25188003,596.97,774.01,20051221,20201231,9752.26,1904.77
32883145,5,3259,20101119,20201231,5,2481.56
32954123,588.02,4191.52,20090918,20201231,1563.92,316.52
32716827,6.97,72.93,20120127,20201231,29805,2380.38
26101725,11209.88,269.83,20060828,20201231,10003.5,2487.05
26325991,830.34,576.48,19990223,20201231,3415.74,1451.52
26111345,505.04,1013.5,20061003,20201231,5,2380
25833391,5,513.13,20080327,20201231,5,256.38
26803139,5,2050.57,20030121,20201231,5.04,839.49
32300645,1409.09,656.82,20181005,20201231,45.74,2061.94
33461697,4201.12,479.13,20160601,20201231,5255.88,1038.18
33514485,5,457.43,20130424,20201231,5,1335.13
29047969,2000.97,3219.06,19840315,20201231,20764.16,3580.56
33031251,1007.99,2435.63,20150122,20201231,205.16,2793.06
32857045,4476.61,1344.12,20100910,20201231,1908.76,1113.01
32715119,44.08,604.15,20111107,20201231,10.02,11.48
27848723,5.07,21.28,19950727,20201231,5.07,1585.68
32243125,8983.2,2796.28,20190801,20201231,1950.52,4802.2
31827959,212,516.93,20170206,20201231,5.29,8
33389501,103.53,3201.03,20131223,20201231,178.36,1080.53
25643239,5.05,8697.33,20031029,20201231,5.05,3252.31
28220701,86.2,3005.78,19890401,20201231,105.76,1385.7
31670525,5,-35.29,20170719,20201231,25,89.47
32578051,1014.56,189.38,20120620,20201231,4130.52,2287.67
32520115,5,201.3,20111114,20201231,5,343.44
25683661,30,1.57,20030801,20201231,5,2741.01
27669531,577.52,1950.07,19870320,20201231,577.16,1357.15
27132519,858.91,2473.61,20000112,20201231,566.76,2904.98
31840397,108.71,72277.85,20160819,20201231,108.65,105457.89
33191357,1700.22,73.18,20140703,20201231,2000.65,1317.55
31568419,5.01,0,20180727,20201231,5,922.11
28761357,2410.8,4390.82,19770301,20201231,53.98,374.19
25502119,506.57,26361.38,20040804,20201231,505.73,2283.2
31687865,27.35,6.02,20170206,20201231,107.19,290.98
33513905,5979.84,2839.12,20130419,20201231,919.14,2553.26
33290261,2982.95,0,20140728,20201231,2261.76,5.92
33068517,5.02,2428.95,20150618,20201231,5,79.73
27222179,30053.21,5296.58,20000927,20201231,51844.37,23205.88
28920053,434.73,5131.34,19870211,20201231,984.07,4610.57
28834451,7847.29,3155.85,19861001,20201231,3100.46,2717.89
32906163,16190.72,1631.26,20091103,20201231,5385.09,939.71
31869945,5178.09,90.43,20151029,20201231,1628.33,508.1
26231941,222.25,3250.63,19990415,20201231,226.24,3585.76
26396203,11906.24,6349.9,19970401,20201231,14564.61,4210.1
26044691,1169.53,2863.89,20080105,20201231,2428.02,34735.79
33369277,15489.51,5194.16,20140411,20201231,15874.8,5655.94
25865239,105.07,128.31,20071228,20201231,5,28.48
26422907,2694.28,649.47,19990409,20201231,4005,2021.99
27464029,1127.47,14.27,19880617,20201231,5,-44.57
27229897,552.56,910.91,20000722,20201231,1379.31,1007.29
33472443,655.14,108.84,20120707,20201231,105.02,822.52
32137527,266.92,118.65,20190620,20201231,5.32,180.06
32453837,31302.25,1279.95,20180816,20201231,5,665.37
28771039,5.03,628.38,19861001,20201231,5,1416.35
26284949,8.51,1347.15,19991023,20201231,8.42,1149.83
26812921,1059.71,3620.15,20030211,20201231,20045.41,814.52
33146135,6699.29,99.14,20150608,20201231,2622.02,390.43
27020407,511.06,18346.74,20000829,20201231,1371.94,9340.62
25733505,485.5,6163.25,20091026,20201231,384.96,7016.68
28652189,63005,898.63,19750301,20201231,63005,3108.88
31628995,10,3682.61,20170327,20201231,10,11262.04
28928137,1158.52,20059.09,19860408,20201231,857.96,4159.76
27256443,27543.15,391.37,20000802,20201231,8141.85,1176.49
32342877,5,185.62,20190419,20201231,5,507.54
26146213,122922.95,125.44,20060825,20201231,162601.8,161.02
26371399,22.07,602.78,19980130,20201231,47.03,534.17
29108389,77837.08,80155.43,19821126,20201231,61876.18,70056.94
32687489,713.55,703.81,20110523,20201231,732.1,232.61
26378687,73706.7,1203.04,19970801,20201231,23724.74,3013.88
32267485,20165.18,45779.09,20190313,20201231,21641.13,38742.31
26253195,51357.07,1143.12,19990504,20201231,48898.6,1325.32
29107369,2887.05,15608.03,19920127,20201231,138.23,14670.98
26069435,5,1180.36,20070914,20201231,108.84,1692.19
26171013,1227.63,3494.71,20081008,20201231,27.41,4162.95
32910625,25.45,581.17,20091113,20201231,25.44,4350.54
27393761,33,810.18,19890303,20201231,22.87,6061.14
31774717,10.1,44.77,20160318,20201231,5,207.82
28006885,2781.27,443.89,19941202,20201231,8049.73,3360.4
29073443,5,534.62,19851122,20201231,5,253.97
28648705,2504.35,3114.48,19750401,20201231,408.47,4226.56
30686503,5,157.74,20200917,20201231,5,192.43
26042673,17110,208.12,20071130,20201231,14005,855.06
26861237,6751.58,2339.01,20020928,20201231,262.49,1933.38
33191729,477.4,45.79,20140801,20201231,312.31,814.19
25258913,10.28,16704.87,20060706,20201231,1005,5950.35
33456643,55,63.82,20120608,20201231,305.35,489.24
31824831,1000.76,917.92,20160714,20201231,29.64,263.4
27505887,190.03,869.1,19880712,20201231,55,1291.71
26532669,965.66,7306.72,19960223,20201231,65.57,6398.72
27838325,9537.98,2292.23,19950525,20201231,5007.02,3161.52
33182261,5,896.96,20140827,20201231,5,426.43
31826187,5,22252.13,20170126,20201231,5,30902.99
25228939,29.88,489.7,20050805,20201231,3755,1551.56
27820831,809.63,1208.07,19950705,20201231,228.93,908.38
25252443,57.84,18713.55,20060912,20201231,807.41,698.82
31553797,40.47,746.17,20180831,20201231,140.37,1416.82
30884425,12505,308.67,20201002,20201231,38455,507.14
33449435,277.17,28.26,20180212,20201231,40.7,397.11
27488629,10.62,3186.87,19890120,20201231,10.62,3067.31
26257001,673.62,1349.46,19990224,20201231,357.02,67.96
25277217,4005.37,663.57,20080509,20201231,55,291.28
31555159,258.91,205.62,20180821,20201231,-226.9,901.33
26061003,16373.76,4588.38,20070915,20201231,15445.38,7880.47
32171647,4.5,37.3,20190319,20201231,5,269.16
32422653,77.27,34530.88,20180302,20201231,914.22,26302.9
25548181,5,-82.34,20040630,20201231,50.17,906.46
30676731,15741.27,3450.81,20201005,20201231,8005,6029.85
31528649,5.72,3667.34,20180810,20201231,4079.85,2067.63
25757937,5.55,368.21,20091216,20201231,6,1828.09
30812879,5,1097.11,20200511,20201231,5.65,379.17
32139965,355.56,564.83,20190920,20201231,520.01,523.93
32590571,5.05,2.82,20120510,20201231,5.05,591.57
32315063,5.64,0,20190126,20201231,5,4.41
27032861,40771.38,1355.65,20001130,20201231,51189.71,1154.1
28104379,6005.73,3329.58,19910713,20201231,1605,830.25
28871623,5,395.85,19841117,20201231,5,340.59
28231155,2131.58,310.27,19890929,20201231,5,2908.96
32400899,5,422.38,20180807,20201231,305,48.32
32457209,5,0.59,20190723,20201231,20,556.26
28087907,5523.4,941.48,19900105,20201231,20431.2,4088.89
29286381,1113.04,6095.41,19790831,20201231,204.74,12914.64
25934033,1134.82,813.87,20080710,20201231,5103.5,112.22
25253825,5.01,20.6,20070127,20201231,5,1437.72
26758515,10.06,460.9,20030304,20201231,10.06,1619.99
26582351,4451.8,1081.38,19960913,20201231,412.91,3026.9
26939565,11.05,246.97,20110630,20201231,406.86,44
33130523,5.59,23.26,20150522,20201231,5,0.77
32636131,5.07,59904.38,20121102,20201231,20.16,1893.29
32851129,5,1110.84,20110106,20201231,5,3058.94
32353313,1994.57,175.78,20190329,20201231,1512.57,5466.77
33453407,3982.93,740.48,20130318,20201231,6206.02,1107.55
25510567,2384.97,1002.06,20050125,20201231,670.54,1551.39
25508161,1237.69,106.9,20040719,20201231,480.48,24.56
26091953,70847.4,3038.07,20060719,20201231,638.91,2030.7
33390387,5.12,226.15,20150213,20201231,5.12,-1.27
30766815,6.07,7.66,20201218,20201231,200,494.3
27832981,10694.7,6072.39,19950419,20201231,15735.42,1806.91
27673959,5,2387.78,19870512,20201231,5,4217.3
29128577,5829.46,1778.42,19801206,20201231,7825.01,5661.09
25452139,1608.88,3.42,20040225,20201231,2753.51,356.72
25859443,86.11,219.12,20080517,20201231,5,1634.56
31686793,6405.8,123.22,20170224,20201231,1105.25,43.31
32823609,2181.19,818.58,20110113,20201231,1260.47,344.6
26980909,37340.25,2813.71,20011105,20201231,21111.37,8654.27
27029497,4543.47,3332.72,20010106,20201231,6816.66,2912.4
28472981,741.53,2308.47,19780320,20201231,1548.65,2355.55
29171373,1205.75,370.92,19830822,20201231,1221.11,694.34
32640419,358.15,496.68,20110225,20201231,133.3,424.59
27517099,13774.86,15632.32,19880705,20201231,10507.22,10794.32
33252385,118.87,1109.92,20150112,20201231,1043.34,353.25
32297981,3551.32,166.85,20190304,20201231,2955,467.07
32725623,23830.6,28.43,20111214,20201231,210.92,1909.79
26087691,624.69,244.02,20060610,20201231,5,1002.46
29266439,1008.91,456.79,19801117,20201231,444.48,1055.38
33501331,8.52,1624.96,20131008,20201231,109.75,1600.72
25371123,4535.6,2195.93,20050730,20201231,5028.13,837.24
33442675,50.17,45153.58,20121218,20201231,25.31,187599.46
32575725,5.03,39.73,20120725,20201231,5.03,1907.22
25549071,94.17,205.68,20040619,20201231,1119.19,5140.36
30914901,5.07,30.87,20201125,20201231,700,35.43
33480277,5.52,33.88,20130911,20201231,15,727.88
27146109,8383.46,3269.07,19990709,20201231,23443.12,4342.69
26777915,61.82,136.87,20020620,20201231,134.98,187.71
32715677,3044.25,548.18,20110427,20201231,3179.21,1275.43
27076769,14.42,2.2,20051014,20201231,5,18.16
28223371,265.49,8754.01,19890401,20201231,1074.92,9343.31
28032365,1536.85,678.95,19940214,20201231,484.01,1637.51
33027473,11858.92,7785.33,20100320,20201231,30070.46,360.46
25669691,615.42,254.57,20030512,20201231,890.13,168.67
25438617,12989.77,3053.68,20040607,20201231,2614.59,4569.95
32639885,59.17,76.24,20110103,20201231,30.24,92.86
29297801,6430.57,4343.35,19820409,20201231,2515.87,3987.28
25587387,2348.79,3024.36,20040107,20201231,1054.58,2495.21
32895559,5.15,468.62,20101119,20201231,305.06,1684.77
33330999,5.03,-113,20130607,20201231,5,835.69
33242119,5.19,3613.18,20141128,20201231,305,2310.85
26128411,26.38,1063.47,20060526,20201231,126.35,1634.37
31796077,780.01,19.07,20161011,20201231,680.76,10.42
31588381,7003.23,529,20170126,20201231,3700.8,101.07
32931897,5,615.21,20090926,20201231,511.59,68.36
33070499,78.37,1355.2,20150103,20201231,1008.5,2340.95
32010815,85.73,1186.92,20200515,20201231,5.71,5.87
30786937,2779.1,21.05,20201203,20201231,3818.36,1498.7
31579297,10007.76,5493.43,20180905,20201231,1004.69,2610.42
26156809,7062.53,230.79,20090502,20201231,3112.8,1316.06
31623715,1810.32,6672.73,20161115,20201231,36794.77,3662.66
27822143,1005.1,1063.19,19950202,20201231,12.61,2434.61
32611531,2807.84,30895.16,20111203,20201231,24793.89,6691.41
28869979,31.25,805.11,19841211,20201231,31.24,194.55
32218897,5,0.99,20190912,20201231,5.16,299.61
32113299,65.53,845.32,20190412,20201231,4858.73,2085.62
33441753,104.1,17045.7,20130104,20201231,104.06,3796.43
25763737,3634.99,1586.51,20090731,20201231,1982.73,2456.95
31768899,586.17,17.58,20160913,20201231,3389.14,489.11
27110573,5,522.57,20001227,20201231,5,70.92
31861505,11059.43,3987.85,20160322,20201231,11809.09,4017.7
31472393,10200.35,336.61,20180315,20201231,16735.08,1250.96
32627149,5.88,237.32,20130729,20201231,5.88,1326.91
26059995,5,11.7,20070926,20201231,5,54.24
31690087,4971.53,4.91,20171101,20201231,6743.96,1614.8
31553549,8.44,598.18,20180419,20201231,2920.01,404.89
26510747,5.06,936.3,19950905,20201231,5.06,1056.18
26477275,14055.35,1158.95,19960402,20201231,7312.76,608.15
26422425,5,3177.76,19990315,20201231,756.61,4995.8
28129559,150747.17,4321.2,19920623,20201231,123536.77,3898.32
28420869,1915.86,105.19,19790707,20201231,1038.75,1003.21
33284273,31.11,831.02,20140801,20201231,459.06,2801.69
31750889,5,814.35,20170606,20201231,5,3.74
25493751,1066.88,5385.68,20040614,20201231,8877.66,3336.72
33114155,48896,704.14,20150909,20201231,27500,850.2
32918765,18.24,53.58,20100417,20201231,352.05,757.38
33426227,4057.46,1801.4,20130325,20201231,1154.82,2672.05
32294243,5,147.54,20190613,20201231,5,11.47
31502237,5,-258.87,20180122,20201231,591.79,853.34
25736167,4840.74,2415.77,20090723,20201231,2008.15,1728.55
27059655,5,1573.97,20000801,20201231,5,2767.68
26763391,805,2475.27,20020802,20201231,1526.21,2980.92
27118093,815.19,29.69,20020104,20201231,5,1431.72
32612551,14011.14,2167.69,20130309,20201231,9864.65,1859.58
31467305,11.42,1016.83,20171021,20201231,11.41,12.06
32823835,12618.45,2302.91,20110202,20201231,9689.6,2372.96
30825137,5,541.1,20200727,20201231,5,3221.41
28389007,1681.88,2562.79,19830711,20201231,5009.61,1132.26
30718117,5,-221.51,20201209,20201231,5.9,50
33132345,10.49,2189.81,20150929,20201231,2150.36,1044.41
31575669,10806.72,240.51,20180326,20201231,16808.79,2653.02
32679725,5,-252.13,20101108,20201231,5,152.87
26359929,280.13,570.76,19980113,20201231,105,1444.59
27102497,14373.28,782.45,20010330,20201231,9837.32,1261.75
31716123,5.1,306.89,20170804,20201231,5,20.41
28677479,5,875.58,19740901,20201231,5,1970.12
31833745,56.85,170.89,20180110,20201231,15.39,25384.26
33290499,10805.04,881.97,20140725,20201231,6708.79,1835.08
26942147,4109.66,1102.97,20011105,20201231,2266.96,3036.94
31568581,305.01,56.7,20180727,20201231,5.01,320.22
25853483,5.03,150.04,20080326,20201231,5,1029.78
31470981,83.08,719.17,20181121,20201231,620.86,717.29
26333569,17083.86,1026.33,19990621,20201231,2236.29,2037.01
32002683,5,1078.1,20200214,20201231,5,390.62
31840769,600.69,189.79,20160816,20201231,527.7,965.31
26364789,25064.34,1101.91,19980325,20201231,24011.84,3330.36
26424987,709.02,2857.85,19990202,20201231,608.71,2943.1
26140575,1005,1412.22,20060526,20201231,5,2140.2
27848793,639.2,2228.77,19950811,20201231,113.75,2033.29
31469961,11826.77,1431.25,20200910,20201231,3722.55,2015.31
27224617,5,2330.78,20000807,20201231,5,3150.83
26513853,12251.63,7061.14,19960522,20201231,6144.37,316.01
28753915,11559.08,0,19770201,20201231,57.62,12628.11
32390929,5,2696.18,20180808,20201231,5,5257.1
28152005,5,987.7,19910419,20201231,13.3,100
33080409,25,66.88,20150309,20201231,25,662.13
27591145,1103.82,21570.42,19871006,20201231,154.11,23508.98
26204493,575.39,891.11,20061215,20201231,904.84,1223.68
26017063,2920.76,212.94,20070207,20201231,160.12,1230.44
28162751,5,615.91,19910226,20201231,5,941.86
33506773,28220.74,560.12,20130829,20201231,25016.08,1158.02
33354171,39285.4,924.63,20130702,20201231,3431.39,2708.08
26052907,13019.12,2441.74,20070910,20201231,3344.29,1418.34
33116997,553.62,583.99,20150724,20201231,501.19,3138.97
26854975,4274.68,8775.6,20030912,20201231,4272,8779.64
26871989,18296.58,2716.29,20011002,20201231,6412.96,2049.97
31625679,25108.39,211.64,20171010,20201231,5.03,3013.38
32213535,5.12,1607.2,20190503,20201231,5.01,398.58
31520267,14.29,8.72,20171020,20201231,833.84,442.99
32131869,105.5,17.47,20190709,20201231,50.57,48.36
28007709,18601.29,66.21,19940820,20201231,17021.13,156.54
25307169,26629.27,3295.38,20050310,20201231,2137.9,16387.4
27110361,5,236.1,20010405,20201231,5,1191.08
27340403,331.22,4150.47,19891107,20201231,1247.73,3198.32
32240083,5,0.14,20191008,20201231,5.21,670.86
32769947,37.59,815.33,20181208,20201231,1436.59,1887.26
31857729,5,1156.72,20150805,20201231,5.45,187.65
26125031,5,0,20060614,20201231,5,758.58
33329679,5,92.66,20130812,20201231,5,-3.83
27165091,5.36,59.23,19991006,20201231,5.24,895.57
31502415,5,-227.79,20171120,20201231,5,264.2
26201231,5397.43,1375.93,20061116,20201231,3845.33,3710.54
33379393,806.24,387.24,20140919,20201231,2005.88,501.46
28095501,138.09,12967.3,19900717,20201231,514.34,396.09
25419121,3044.49,15.06,20151109,20201231,4850,8.12
32481033,1655,63.41,20180827,20201231,338.66,125.16
27045943,2215.93,494.7,20000927,20201231,705.94,92.7
31964611,16007.95,934.15,20151016,20201231,9001.73,684.94
27066655,14143.72,1399.21,20010507,20201231,5256.17,3385.3
30909503,5,3993.18,20200528,20201231,5,3552.43
28165843,5.56,1232.38,19910603,20201231,5.56,5589.84
31651747,319.56,234.78,20170602,20201231,1081.96,3780.56
31590943,6.09,1545.25,20170314,20201231,5.14,1787.03
31914159,5,1271.05,20150714,20201231,6.33,1180.12
32850901,58.1,526.58,20110624,20201231,58.05,1599.08
32011411,5,62.12,20200616,20201231,5,149.47
25749761,15.02,98.06,20081231,20201231,30,75
27256047,5.47,43.61,20000518,20201231,10.71,972.34
26183647,5,877.19,20060919,20201231,5,1484.52
26380803,35.33,398.73,19970723,20201231,30.01,2232.87
30806709,5.01,623.5,20200511,20201231,5,1702.98
32443043,13177.98,902.49,20190426,20201231,16168.51,1534.05
27825543,45.94,2153.72,19941112,20201231,45.9,2386.6
33054245,76.51,5282.67,20150319,20201231,61.42,3074.98
25235299,122.71,861.77,20060530,20201231,748.94,305.51
32895415,171.54,242.11,20100812,20201231,254.71,917.35
32457109,25226.3,700.12,20191127,20201231,131490.57,3664.39
31666421,4633.15,33.34,20170812,20201231,3565.42,1115.66
27156919,920.51,4807.68,20000421,20201231,115.3,3334.85
